{
  "key": "teamlead-todolist",
  "name": "Teamlead TodoList",
  "description": "My very first app",
  "baseUrl": "https://arcane-reaches-09678.herokuapp.com",
  "authentication": {
    "type": "jwt"
  },
  "lifecycle": {
    "installed": "/installed"
  },
  "scopes": ["READ"],
  "apiMigrations": {
    "signed-install": true
  },
  "modules": {
    "generalPages": [
      {
        "key": "container",
        "location": "system.top.navigation.bar",
        "name": {
          "value": "Teamlead TodoList"
        },
        "url": "/todo",
        "conditions": [
          {
            "condition": "user_is_logged_in"
          }
        ]
      }
    ]
  }
}
